content_id,title,genre,release_year,duration_minutes
1,Organized content-based methodology,Comedy,2015,134
2,Proactive dynamic database,Thriller,2005,113
3,Centralized heuristic core,Action,2019,142
4,Integrated dynamic intranet,Drama,2022,113
5,Secured tertiary migration,Romance,2008,165
6,Enhanced client-driven customer loyalty,Romance,2007,79
7,Inverse incremental concept,Horror,2007,169
8,Realigned interactive matrix,Comedy,2010,111
9,Expanded client-server service-desk,Documentary,2023,147
10,Implemented content-based neural-net,Romance,2009,76
11,Operative non-volatile framework,Documentary,2020,61
12,Multi-lateral secondary conglomeration,Documentary,2006,121
13,Persevering client-server hierarchy,Documentary,2014,139
14,Managed modular open architecture,Drama,2003,80
15,Multi-channeled global monitoring,Documentary,2022,95
16,Networked dynamic flexibility,Thriller,2015,163
17,Diverse analyzing info-mediaries,Thriller,2018,120
18,Assimilated intermediate website,Action,2021,110
19,Integrated stable complexity,Thriller,2014,98
20,Up-sized composite encryption,Romance,2018,98
21,Networked client-server knowledgebase,Horror,2011,93
22,Extended analyzing success,Action,2008,144
23,Enterprise-wide client-driven standardization,Horror,2017,174
24,Organic explicit frame,Drama,2017,150
25,Upgradable 3rdgeneration extranet,Thriller,2019,72
26,Programmable neutral pricing structure,Horror,2015,70
27,Extended leadingedge collaboration,Horror,2020,119
28,Open-architected foreground process improvement,Romance,2019,91
29,Adaptive executive open system,Thriller,2018,107
30,Open-source zero administration synergy,Drama,2000,167
31,Programmable incremental hub,Action,2005,140
32,Centralized intangible approach,Comedy,2006,151
33,Centralized client-driven paradigm,Drama,2023,133
34,De-engineered coherent framework,Thriller,2000,112
35,Extended bottom-line architecture,Romance,2017,140
36,Seamless secondary data-warehouse,Thriller,2011,116
37,Multi-layered static protocol,Comedy,2001,112
38,De-engineered holistic definition,Romance,2007,76
39,Cross-group modular database,Horror,2013,81
40,Intuitive foreground structure,Thriller,2021,99
41,Open-architected exuding knowledgebase,Action,2006,175
42,Persistent optimal orchestration,Horror,2015,145
43,Persevering non-volatile neural-net,Comedy,2021,109
44,Quality-focused zero administration open system,Comedy,2015,101
45,Innovative fault-tolerant analyzer,Comedy,2014,103
46,Automated human-resource structure,Action,2014,72
47,Progressive 5thgeneration utilization,Romance,2017,97
48,Virtual system-worthy throughput,Documentary,2021,69
49,Up-sized zero tolerance parallelism,Comedy,2022,103
50,Up-sized bandwidth-monitored throughput,Romance,2009,179
51,Synergistic analyzing analyzer,Comedy,2003,124
52,Upgradable executive software,Romance,2016,173
53,Extended scalable superstructure,Action,2001,112
54,Multi-layered zero administration monitoring,Comedy,2016,112
55,Synergized executive artificial intelligence,Action,2010,118
56,Secured foreground info-mediaries,Action,2005,100
57,Versatile fresh-thinking time-frame,Drama,2013,64
58,Open-source logistical focus group,Romance,2003,166
59,Cloned mission-critical neural-net,Horror,2008,94
60,Decentralized cohesive archive,Action,2007,107
61,Polarized solution-oriented customer loyalty,Comedy,2009,105
62,Enterprise-wide eco-centric model,Documentary,2018,175
63,Secured executive orchestration,Documentary,2014,144
64,Vision-oriented client-server Internet solution,Action,2023,80
65,Integrated incremental paradigm,Drama,2014,97
66,Right-sized demand-driven hierarchy,Action,2020,123
67,Open-source coherent hierarchy,Drama,2005,105
68,Synergized 24/7 projection,Thriller,2004,143
69,Inverse mission-critical productivity,Thriller,2007,88
70,Multi-layered stable time-frame,Action,2008,97
71,Compatible fault-tolerant knowledge user,Thriller,2003,168
72,Public-key user-facing circuit,Documentary,2016,161
73,Diverse coherent forecast,Drama,2002,159
74,Up-sized 4thgeneration access,Comedy,2021,133
75,Diverse attitude-oriented strategy,Horror,2011,159
76,Multi-channeled 3rdgeneration orchestration,Drama,2004,154
77,Reduced methodical protocol,Documentary,2014,164
78,Versatile uniform database,Documentary,2003,97
79,Focused exuding definition,Comedy,2014,82
80,Optional 5thgeneration throughput,Comedy,2023,99
81,Virtual contextually-based encryption,Drama,2006,119
82,Integrated systemic hierarchy,Documentary,2005,137
83,Extended high-level Graphical User Interface,Comedy,2014,92
84,Multi-lateral object-oriented collaboration,Documentary,2009,96
85,Visionary dynamic moderator,Horror,2018,90
86,Advanced discrete core,Action,2023,70
87,Optimized scalable circuit,Romance,2013,157
88,Reactive executive utilization,Thriller,2013,75
89,Profound maximized superstructure,Comedy,2007,80
90,Seamless empowering time-frame,Romance,2004,78
91,Enhanced interactive algorithm,Romance,2003,121
92,Synergistic bi-directional support,Drama,2005,118
93,Advanced zero administration hierarchy,Comedy,2015,108
94,Cloned real-time hardware,Documentary,2013,162
95,Networked static knowledge user,Horror,2021,139
96,Business-focused grid-enabled architecture,Action,2023,68
97,Horizontal high-level approach,Horror,2002,117
98,Multi-tiered reciprocal Graphic Interface,Drama,2015,135
99,Customizable tertiary architecture,Action,2005,93
100,Total real-time info-mediaries,Horror,2003,130
